,location
0,"Shelton, WA"
1,"Aloha, OR"
2,"Wichita, KS"
3,"San Francisco, CA"
4,"Evans, CO"
5,"Guthrie, OK"
6,"Chandler, AZ"
7,"Assaria, KS"
8,"Burlington, IA"
9,"Knoxville, PA"
10,"Stockton, CA"
11,"Freeport, TX"
12,"Columbus, OH"
13,"Des Moines, IA"
14,"New Orleans, LA"
15,"Huntley, MT"
16,"Salt Lake City, UT"
17,"Strong, AR"
18,"Syracuse, UT"
19,"England, AR"
20,"El Paso, TX"
21,"Arcola, IL"
22,"South Gate, CA"
23,"North Las Vegas, NV"
24,"Albuquerque, NM"
25,"Jourdanton, TX"
26,"St. Paul, MN"
27,"Franklin County, MO"
28,"Chesapeake, VA"
29,"Old Bridge, NJ"
30,"Lake Jackson, TX"
31,"Draper, UT"
32,"Indianapolis, IN"
33,"Aurora, CO"
34,"Bloomington, MN"
35,"Fairfield, CA"
36,"Evangeline Parish, LA"
37,"Mabank, TX"
38,"Fremont, CA"
39,"Muskogee, OK"
40,"Los Angeles, CA"
41,"Fort Worth, TX"
42,"Maricopa, AZ"
43,"Gunlock, KY"
44,"Weymouth, MA"
45,"Scottsdale, AZ"
46,"Hemet, CA"
47,"Chapeno, TX"
48,"St. Louis, MO"
49,"Derry, NH"
50,"Sierra Blanca, TX"
51,"Longview, TX"
52,"Austin, TX"
53,"Fort Lauderdale, FL"
54,"Levelland, TX"
55,"Rexburg, ID"
56,"Baltimore, MD"
57,"Pueblo, CO"
58,"Winslow, NJ"
59,"Denver, CO"
60,"New Hope, MN"
61,"Tahoka, TX"
62,"Wasco, CA"
63,"Phoenix, AZ"
64,"Morenci, AZ"
65,"Omaha, NE"
66,"Sunset, TX"
67,"Rosenberg, TX"
68,"Stillwater, OK"
69,"Wyoming, MI"
70,"Billings, MT"
71,"Houston, TX"
72,"Randallstown, MD"
73,"Bay City, MI"
74,"Hummelstown, PA"
75,"Apple Valley, CA"
76,"Emeryville, CA"
77,"Antioch, CA"
78,"Douglas, GA"
79,"Tallahassee, FL"
80,"Orlando, FL"
81,"Tempe, AZ"
82,"Lorena, TX"
83,"Memphis, TN"
84,"Chino, CA"
85,"Oklahoma City, OK"
86,"Calimesa, CA"
87,"Gastonia, NC"
88,"Anchorage, AK"
89,"New City, NY"
90,"Orange County, FL"
91,"Nocona, TX"
92,"Smyrna, ME"
93,"Dallas, TX"
94,"Pasco, WA"
95,"Whitehaven, TN"
96,"New Castle, CO"
97,"San Jose, CA"
98,"Dadeville, AL"
99,"San Bernardino, CA"
100,"Kansas City, KS"
101,"Reading, PA"
102,"McLemoresville, TN"
103,"San Manuel, AZ"
104,"Essex, MD"
105,"Laredo, TX"
106,"Miami Gardens, FL"
107,"Iuka, MS"
108,"Colton, OR"
109,"Marana, AZ"
110,"Boise, ID"
111,"Provo, UT"
112,"Gaston County, NC"
113,"Springfield, MO"
114,"Eaton Rapids Township, MI"
115,"Tewksbury, MA"
116,"Del Rio, TX"
117,"Charlotte, NC"
118,"Euless, TX"
119,"Homewood, AL"
120,"Birmingham, AL"
121,"Ruidoso, NM"
122,"Palm Bay, FL"
123,"Allentown, PA"
124,"Denham Springs, LA"
125,"Powder Springs, GA"
126,"Clarkesville, GA"
127,"Millbrook, AL"
128,"Green Bay, WI"
129,"Las Vegas, NV"
130,"Terre Haute, IN"
131,"Lakeland, FL"
132,"Gulfport, MS"
133,"Sylvester, GA"
134,"Santa Ana, CA"
135,"Pelzer, SC"
136,"Roxand Township, MI"
137,"St Louis, MO"
138,"Tucson, AZ"
139,"Columbia, MO"
140,"Tarboro, NC"
141,"La Paz County, AZ"
142,"Barton, MS"
143,"Joilet, IL"
144,"Salisbury, MD"
145,"Deltona, FL"
146,"Milwaukee, WI"
147,"Burbank, CA"
148,"Lincoln, NE"
149,"Putnam Hall, FL"
150,"Madison, WI"
151,"Claymont, DE"
152,"Anaheim, CA"
153,"Brevard, NC"
154,"Dinosaur, CO"
155,"Cocoa, FL"
156,"Atlanta, GA"
157,"Baton Rouge, LA"
158,"Port Wentworth, GA"
159,"Ontario, CA"
160,"Cleveland, OH"
161,"Kingman, AZ"
162,"Bay Minette, AL"
163,"Hoover, AL"
164,"Elkton, MD"
165,"Washington, DC"
166,"Kansas City, MO"
167,"Fontana, CA"
168,"Walnut Creek, CA"
169,"Napa, CA"
170,"San Antonio, TX"
171,"Follansbee, WV"
172,"Kenosha, WI"
173,"Ruth, MS"
174,"Onalaska, TX"
175,"Sacramento, CA"
176,"Medford, OR"
177,"Dublin, NC"
178,"Bakersfield, CA"
179,"Glendale, AZ"
180,"Jacksonville, FL"
181,"Sumas, WA"
182,"Lawrence County, AL"
183,"Middleton, ID"
184,"Red Valley, AZ"
185,"Coal County, OK"
186,"Clarendon, NY"
187,"Harmony, IN"
188,"Cottonwood, AZ"
189,"Vallejo, CA"
190,"Portland, OR"
191,"Islip, NY"
192,"Santa Clara, CA"
193,"Fond du Lac, WI"
194,"Portsmouth, VA"
195,"Smyrna, GA"
196,"Johnsonville, SC"
197,"South Los Angeles, CA"
198,"Gardner, KS"
199,"Wilmington, CA"
200,"Encinitas, CA"
201,"Fort Pierce, FL"
202,"Webster, MA"
203,"Oxnard, CA"
204,"Fort Ashby, WV"
205,"Boston, MA"
206,"Jasper, OH"
207,"Elizabethtown, KY"
208,"Eugene, OR"
209,"Boulder City, NV"
210,"Carollwood, FL"
211,"Baytown, TX"
212,"Fort Meade, MD"
213,"Hawthorne, CA"
214,"Hamilton, NJ"
215,"Rock Island, IL"
216,"Metropolis, IL"
217,"Tulsa, OK"
218,"Pineville, LA"
219,"Winchester, VA"
220,"Zion, IL"
221,"North Charleston, SC"
222,"Orange, CA"
223,"Edgewood, NM"
224,"Tehachapi, CA"
225,"Harvey, LA"
226,"Jefferson County, ID"
227,"Pottawatomie County, OK"
228,"Valdosta, GA"
229,"Sunnyvale, CA"
230,"Kellyville, OK"
231,"Navarre, FL"
232,"Monon, IN"
233,"Straban Township, PA"
234,"Boiling Springs, SC"
235,"Corning, CA"
236,"Topeka, KS"
237,"Sand Springs, OK"
238,"Salemburg, NC"
239,"Alton, IL"
240,"DeSoto, TX"
241,"Jonesboro, AR"
242,"Miami, FL"
243,"Spartanburg, SC"
244,"Ca√±on City, CO"
245,"Montclair, CA"
246,"Shafter, CA"
247,"Chicago, IL"
248,"Jennings, MO"
249,"Panama City, FL"
250,"Wilmore, KY"
251,"Sidney, NE"
252,"Mission, TX"
253,"Trenton, NJ"
254,"Lakewood, WA"
255,"Irmo, SC"
256,"Bisbee, AZ"
257,"Queens, NY"
258,"Eldorado Springs, CO"
259,"Sylmar, CA"
260,"Rufe, OK"
261,"Long Beach, CA"
262,"Windsor, CA"
263,"Miami, OK"
264,"Trinidad, CO"
265,"Victoria, TX"
266,"New York, NY"
267,"Clermont, FL"
268,"Bunch, OK"
269,"Kings County, CA"
270,"Fountain Valley, CA"
271,"Detroit, MI"
272,"Mansfield, OH"
273,"Marion, IL"
274,"Chickasha, OK"
275,"Mesa, AZ"
276,"Elk Grove, CA"
277,"Emporia, VA"
278,"Nashville, TN"
279,"San Diego, CA"
280,"Smyrna, DE"
281,"Roosevelt, UT"
282,"Garland, TX"
283,"Chavies, KY"
284,"Kennewick, WA"
285,"Venice, CA"
286,"South El Monte, CA"
287,"Pulaski, VA"
288,"Wake Forest, NC"
289,"Lawrenceville, GA"
290,"Beacon, NY"
291,"Cerritos, CA"
292,"Kearny, AZ"
293,"Constantia, NY"
294,"Fridley, MN"
295,"Tacoma, WA"
296,"Landover, MD"
297,"St. Augustine, FL"
298,"Honolulu, HI"
299,"Rancho Santa Margarita, CA"
300,"Portage, MI"
301,"Rockford, IL"
302,"Harvey, IL"
303,"St. Petersburg, FL"
304,"Arlington, VA"
305,"Cabot, AR"
306,"Grand Junction, CO"
307,"Lancaster, PA"
308,"Green, OH"
309,"Owensboro, KY"
310,"Gillette, WY"
311,"Ft. Lauderdale, FL"
312,"Hackensack, NJ"
313,"Charleston, SC"
314,"Somerset, PA"
315,"Sedalia, MO"
316,"Eagar, AZ"
317,"Huntsville, AL"
318,"Snohomish, WA"
319,"Bossier City, LA"
320,"Ideal Beach, NJ"
321,"Edmond, OK"
322,"Rockville, GA"
323,"Alpine, CA"
324,"Lancaster, SC"
325,"Northglenn, CO"
326,"Carrollton, GA"
327,"Trenton, MI"
328,"Lyndhurst, NJ"
329,"Okmulgee County, OK"
330,"Wilderville, OR"
331,"Palestine, TX"
332,"Greece, NY"
333,"Roslindale, MA"
334,"Azle, TX"
335,"Delano, CA"
336,"Los Lunas, NM"
337,"Ellis County, TX"
338,"Fuqua, TX"
339,"Byram, NJ"
340,"Santa Maria, CA"
341,"Morgantown, WV"
342,"Oakland, CA"
343,"North Port, FL"
344,"Watsonsville, CA"
345,"Midland, TX"
346,"Strasburg, CO"
347,"Melbourne, FL"
348,"Woodland, WA"
349,"Beech Grove, IN"
350,"Sun City, AZ"
351,"Findlay, OH"
352,"Tomball, TX"
353,"Cincinnati, OH"
354,"Bronx, NY"
355,"Pompano Beach, FL"
356,"Columbia, TN"
357,"Bexar County, TX"
358,"Kokomo, IN"
359,"Fort Wayne, IN"
360,"Louisville, KY"
361,"Hutchins, TX"
362,"South Lake Tahoe, CA"
363,"Visalia, CA"
364,"Wood Lake, ND"
365,"Clanton, AL"
366,"Hobbs, NM"
367,"Coney Island, NY"
368,"Greeley, CO"
369,"Azusa, CA"
370,"Ronda, NC"
371,"Citrus Heights, CA"
372,"Augusta, GA"
373,"Pittsburgh, PA"
374,"Hutchinson, KS"
375,"Weatherford, TX"
376,"York County, VA"
377,"Owings Mills, MD"
378,"Fresno, CA"
379,"Malone, NY"
380,"Tahlequah, OK"
381,"Edinburg, NY"
382,"Franklin, NC"
383,"McMinnville, OR"
384,"Josephine County, OR"
385,"Brockton, MA"
386,"Meadow Bridge, WV"
387,"West Covina, CA"
388,"Lancaster, CA"
389,"Camden, NJ"
390,"Miami Beach, FL"
391,"Morristown, TN"
392,"Newport News, VA"
393,"Henderson, NV"
394,"Pleasanton, CA"
395,"Hawaiian Gardens, CA"
396,"Bath, NH"
397,"Atwater, CA"
398,"Lakewood, CA"
399,"Edinburg, TX"
400,"Atlantic City, NJ"
401,"Sugar Creek, MO"
402,"Beaverton, OR"
403,"Ashe County, NC"
404,"Parowan, UT"
405,"Boulder Creek, CA"
406,"Covington, GA"
407,"Olivehurst, CA"
408,"Plantation, FL"
409,"River Forest, IL"
410,"Casper, WY"
411,"Stone Mountain, GA"
412,"Dunsmuir, CA"
413,"Lynn, MA"
414,"Mascotte, FL"
415,"Southington, OH"
416,"Marion, MI"
417,"Moreno Valley, CA"
418,"Wauwatosa, WI"
419,"Homestead, FL"
420,"Chattanooga, TN"
421,"Cheyenne, WY"
422,"Opp, AL"
423,"Seattle, WA"
424,"Needles, CA"
425,"Brownsville, TX"
426,"Fort Collins, CO"
427,"Colby, KS"
428,"Mt. Auburn, OH"
429,"Winnie, TX"
430,"White, GA"
431,"Oakland Park, FL"
432,"Jesup, GA"
433,"Monroe, WI"
434,"Philadelphia, PA"
435,"Dayton, OH"
436,"Plymouth, MN"
437,"Myrtle Beach, SC"
438,"Douglas, WY"
439,"Meadow Vista, CA"
440,"Studio City, CA"
441,"Pinnacle, NC"
442,"Decatur, GA"
443,"Micanopy, FL"
444,"Shreveport, LA"
445,"Seneca, SC"
446,"Houma, LA"
447,"Boulder, CO"
448,"Manila, AR"
449,"Las Cruces, NM"
450,"Logan, UT"
451,"Gardnerville Ranchos, NV"
452,"Whittier, CA"
453,"Roswell, NM"
454,"Nitro, WV"
455,"Campbelltown, PA"
456,"Powhatan County, VA"
457,"Muncie, IN"
458,"San Diego County, CA"
459,"Rantoul, IL"
460,"Greenfield, WI"
461,"Maui, HI"
462,"Richmond, VA"
463,"Antioch, TN"
464,"Elsmere, KY"
465,"Arlington, TX"
466,"Superior, MT"
467,"Greenville, NC"
468,"Brookshire, TX"
469,"Summerville, SC"
470,"Spokane, WA"
471,"Ardmore, OK"
472,"Pittston, PA"
473,"Gilbert, AZ"
474,"Sandpoint, ID"
475,"Waco, TX"
476,"Odessa, TX"
477,"Toledo, OH"
478,"Staten Island, NY"
479,"Boerne, TX"
480,"District Heights, MD"
481,"Bolton, CT"
482,"Hanover, IN"
483,"Inyokern, CA"
484,"Carson City, NV"
485,"Kerrville, TX"
486,"Bloomfield Township, MI"
487,"Hunters, WA"
488,"Canton, NC"
489,"Beverly, OH"
490,"Tuscaloosa, AL"
491,"Grapeview, WA"
492,"North East, MD"
493,"Cohasset, MN"
494,"Troy, NY"
495,"King George, VA"
496,"Arab, AL"
497,"Brick Township, NJ"
498,"Archdale, NC"
499,"Santa Fe, NM"
500,"West Chester, PA"
501,"Thonotosassa, FL"
502,"Hendersonville, TN"
503,"West Jordan, UT"
504,"Spanish Fork, UT"
505,"Mount Vernon, NY"
506,"Cushing, OK"
507,"Loveland, CO"
508,"Bluefield, WV"
509,"Twinsburg, OH"
510,"Artesia, NM"
511,"Prescott, AZ"
512,"Mitchell, SD"
513,"French Lick, IN"
514,"Weitchpec, CA"
515,"Springtown, TX"
516,"Merrimack, NH"
517,"Durham, NC"
518,"Virginia Beach, VA"
519,"Little Havana, FL"
520,"Fairbanks, AK"
521,"Ashwaubenon, WI"
522,"El Monte, CA"
523,"Potsdam, NY"
524,"Lodi, CA"
525,"Downey, CA"
526,"Chester, PA"
527,"Broomfield, CO"
528,"Sylacauga, AL"
529,"West Knox, TN"
530,"Wellman, IA"
531,"McAlester, OK"
532,"Clute, TX"
533,"Princeton, KY"
534,"Barstow, CA"
535,"Chalmette, LA"
536,"Panorama City, CA"
537,"Alexandria, LA"
538,"Lead, SD"
539,"Beaverton, MI"
540,"Brodhead, KY"
541,"Dickson, TN"
542,"Slidell, LA"
543,"Washington County, AL"
544,"Harrisonburg, VA"
545,"Shelbyville, IN"
546,"Sand City, CA"
547,"Paris, TX"
548,"Barberville, FL"
549,"Auburndale, FL"
550,"Niceville, FL"
551,"Happy Valley, CA"
552,"McKinney, TX"
553,"Reisterstown, MD"
554,"Grayson County, VA"
555,"Wilmington, DE"
556,"Fountain, CO"
557,"Akron, OH"
558,"Wilhoit, AZ"
559,"Lovington, NM"
560,"Rossville, GA"
561,"Ponder, TX"
562,"San Ysidro, CA"
563,"Rapid City, SD"
564,"Mora, MN"
565,"Beckley, WV"
566,"Sierra Vista, AZ"
567,"Rialto, CA"
568,"Amarillo, TX"
569,"Van Nuys, CA"
570,"Muscle Shoals, AL"
571,"Hurst, TX"
572,"Woodbridge, NJ"
573,"Midwest City, OK"
574,"Monterey, CA"
575,"West Palm Beach, FL"
576,"Columbia, MD"
577,"Aguanga, CA"
578,"Beverly, MA"
579,"Old Saybrook, CT"
580,"Pinion Hills, CA"
581,"Cato Township, MI"
582,"Lisle, IL"
583,"Lakes Charles, LA"
584,"Taylors, SC"
585,"West Odessa, TX"
586,"Lawton, OK"
587,"Brookhaven, MS"
588,"Cartersville, GA"
589,"Naples, FL"
590,"Indio, CA"
591,"Seaside, CA"
592,"Monroeville, AL"
593,"Parma, OH"
594,"Kirkland, WA"
595,"Valinda, CA"
596,"Barrow County, GA"
597,"Columbus, MS"
598,"Modesto, CA"
599,"York, PA"
600,"Palm Beach Gardens, FL"
601,"Truth or Consequences, NM"
602,"Mandeville, LA"
603,"Cedar Rapids, IA"
604,"Calexico, CA"
605,"West Goshen, CA"
606,"Kentwood, MI"
607,"Carmichael, CA"
608,"Pine Top, KY"
609,"New Paltz, NY"
610,"Highgrove, CA"
611,"Cape Coral, FL"
612,"Cathedral City, CA"
613,"Zanesville, OH"
614,"Paddock Lake, WI"
615,"Kenai Peninsula, AK"
616,"Talking Rock, GA"
617,"Frederick, MD"
618,"Tampa, FL"
619,"Savannah, GA"
620,"Point Loma, CA"
621,"Smithville, MS"
622,"Salem, OR"
623,"Hohenwald, TN"
624,"Old Town, FL"
625,"Burkesville, KY"
626,"Mesquite, TX"
627,"Norwood, OK"
628,"Colorado Springs, CO"
629,"Opelika, AL"
630,"Hutchinson, MN"
631,"Eureka, CA"
632,"Council, ID"
633,"Marksville, LA"
634,"Merced, CA"
635,"Pacific Beach, CA"
636,"Hominy, OK"
637,"Lakeshire, MO"
638,"Goose Creek, SC"
639,"Wadesboro, NC"
640,"North Laredo, TX"
641,"Braxton County, WV"
642,"Chico, CA"
643,"Brighton, CO"
644,"Dillon, MT"
645,"Aiken, SC"
646,"Gibson County, TN"
647,"Jurupa Valley, CA"
648,"Eden, GA"
649,"Spring Lake, NC"
650,"Germantown, PA"
651,"Minneapolis, MN"
652,"Leon County, TX"
653,"Whitfield County, GA"
654,"Cayce, SC"
655,"Arlington, GA"
656,"Little Egg Harbor, NJ"
657,"Opa-Locka, FL"
658,"Benton Township, MI"
659,"Manatee, FL"
660,"Paulding County, GA"
661,"Colbert, OK"
662,"Reno, NV"
663,"Corpus Christi, TX"
664,"Columbia Heights, MN"
665,"Ozark, MO"
666,"Lampe, MO"
667,"Seagoville, TX"
668,"Celina, OH"
669,"Maysville, MO"
670,"Wink, TX"
671,"Bangor, ME"
672,"Norwalk, CA"
673,"Deming, NM"
674,"Big Springs, NE"
675,"Mount Washington, PA"
676,"Irving, TX"
677,"Neenah, WI"
678,"Richmond Heights, OH"
679,"Laramie, WY"
680,"Yonkers, NY"
681,"Leitchfield, KY"
682,"Pryor, OK"
683,"Marina, CA"
684,"Lynwood, CA"
685,"Healdton, OK"
686,"East Stroudsburg, PA"
687,"Denton, TX"
688,"Thurston County, WA"
689,"Mountain View, CO"
690,"Middle River, MD"
691,"Humboldt, TN"
692,"Gilroy, CA"
693,"Mount Hope, WV"
694,"Dallas, NC"
695,"Camarillo, CA"
696,"Kent, OH"
697,"Northwood, OH"
698,"Knoxville, TN"
699,"Taos, NM"
700,"Concord, VA"
701,"Palmdale, CA"
702,"Douglasville, GA"
703,"Breaux Bridge, LA"
704,"Canaan Township, PA"
705,"Smartsville, CA"
706,"Ludlow, KY"
707,"Burlington, VT"
708,"Brooksville, FL"
709,"Dearborn, MI"
710,"Winnsboro, LA"
711,"Pride, LA"
712,"Lansing, MI"
713,"Porterville, CA"
714,"Palo Alto, CA"
715,"Homedale, ID"
716,"Lucedale, MS"
717,"Franklin, LA"
718,"Suffolk, VA"
719,"Santa Nella, CA"
720,"Rosemead, CA"
721,"Rawlins, WY"
722,"Livingston, MT"
723,"Maryneal, TX"
724,"Sioux Falls, SD"
725,"Ragley, LA"
726,"Olympia, WA"
727,"Johnson City, TN"
728,"Redding, CA"
729,"Ceres, CA"
730,"Upper Darby, PA"
731,"Carrizozo, NM"
732,"Daviess County, KY"
733,"Geneva, WI"
734,"Acworth, GA"
735,"Kelso, WA"
736,"Rising Sun, MD"
737,"San Fernando, CA"
738,"Penn Township, PA"
739,"Spenard, AK"
740,"Norfolk, VA"
741,"Sevierville, TN"
742,"Cle Elum, WA"
743,"Hurst, IL"
744,"Santa Clarita, CA"
745,"Elkins, WV"
746,"Southfield, MI"
747,"Hollywood Hills, CA"
748,"El Cajon, CA"
749,"Petroleum, WV"
750,"Belle Glade, FL"
751,"North Hills, CA"
752,"Rainbow City, AL"
753,"Union City, CA"
754,"Statesville, NC"
755,"Port Barre, LA"
756,"Meridianville, AL"
757,"Eufaula, OK"
758,"Burns, OR"
759,"Mountain Pine, AR"
760,"Latta, SC"
761,"Lenoir City, TN"
762,"Mansfield, TX"
763,"Cobb County, GA"
764,"Clackamas County, OR"
765,"Phenix City, AL"
766,"Wilkinsburg, PA"
767,"Immokalee, FL"
768,"Saginaw, TX"
769,"Newark, CA"
770,"Rancho Cordova, CA"
771,"Schulter, OK"
772,"Ocala, FL"
773,"Rosebud, SD"
774,"Perry Township, OH"
775,"Hilo, HI"
776,"Milton, FL"
777,"Union Grove, NC"
778,"Seaside, OR"
779,"Austin, AR"
780,"Manchester, NJ"
781,"Abingdon, MD"
782,"Barrow, AK"
783,"Roseville, MN"
784,"Henderson County, TX"
785,"Maiden, NC"
786,"Syracuse, NY"
787,"Urbandale, IA"
788,"Beckville, TX"
789,"Arvonia, VA"
790,"Bradenton, FL"
791,"Jal, NM"
792,"Yorba Linda, CA"
793,"Fairfield, CT"
794,"Republic, MO"
795,"Mena, AR"
796,"Commerce, GA"
797,"Reno, TX"
798,"Ogden, UT"
799,"Elizabethton, TN"
800,"Inglewood, CA"
801,"Houston, AK"
802,"Fairborn, OH"
803,"Ripon, CA"
804,"Blue Springs, MO"
805,"Bailey, CO"
806,"East Troy, WI"
807,"Montgomery, AL"
808,"Silver Springs, NV"
809,"Hesston, KS"
810,"Roanoke, VA"
811,"Rapid Valley, SD"
812,"Ashville, AL"
813,"Raleigh, NC"
814,"Gautier, MS"
815,"Bel Air, MD"
816,"Johnstown, PA"
817,"Sims, AR"
818,"East Bernstadt, KY"
819,"Cheektowaga, NY"
820,"Beaumont, TX"
821,"Bismarck, ND"
822,"Rochester, NY"
823,"Carlsbad, NM"
824,"Biloxi, MS"
825,"Colorado City, CO"
826,"Rosalia, KS"
827,"Clinton, IL"
828,"Greensboro, NC"
829,"Glendale, CA"
830,"Addison, TX"
831,"Piedmont, AL"
832,"Vancouver, WA"
833,"Russellville, KY"
834,"Evansville, IN"
835,"Florence, CA"
836,"Anson County, NC"
837,"Burnsville, MN"
838,"Byron, CA"
839,"Idaho Falls, ID"
840,"Covington, LA"
841,"White Plains, KY"
842,"Hopewell, VA"
843,"Fort Littleton, PA"
844,"Gainesville, FL"
845,"Stamford, CT"
846,"South Greensburg, PA"
847,"Fredericksburg, VA"
848,"Thornton, CO"
849,"Raleigh, TN"
850,"Braintree, MA"
851,"Pawtucket, RI"
852,"Redlands, CA"
853,"Pueblo of Laguna, NM"
854,"Lowell, MA"
855,"Grundy, VA"
856,"Lee's Summit, MO"
857,"Winslow, AZ"
858,"Kinston, NC"
859,"Splendora, TX"
860,"Clearlake Park, CA"
861,"Piedmont, SC"
862,"Aitkin, MN"
863,"Jackson, GA"
864,"Lockhart, TX"
865,"Raceland, LA"
866,"Macon County, AL"
867,"Eau Claire, WI"
868,"West Springfield, MA"
869,"Oak Hill, OH"
870,"Gallatin, TN"
871,"Lake Hallie, WI"
872,"New Brunswick, NJ"
873,"Rotterdam, NY"
874,"Benton, IL"
875,"Noma, FL"
876,"Llano, TX"
877,"Sparta, TN"
878,"McPherson, KS"
879,"Lake Elsinore, CA"
880,"Cache, OK"
881,"Antioch, IL"
882,"Vineland, NJ"
883,"Greenbelt, MD"
884,"Mableton, GA"
885,"Brooksville, AL"
886,"Perryville, AR"
887,"Everett, MA"
888,"Berne, NY"
889,"Antigo, WI"
890,"Fayetteville, AR"
891,"East Flat Rock, NC"
892,"Lakewood, CO"
893,"Kingsbury, TX"
894,"Milcreek, UT"
895,"Westminster, CO"
896,"Jackson, MO"
897,"Wausau, WI"
898,"Florence, AZ"
899,"Alamo, TN"
900,"Greenville, SC"
901,"Burien, WA"
902,"Temecula, CA"
903,"Buffalo, MO"
904,"Gretna, LA"
905,"Weirton, WV"
906,"Lake Stevens, WA"
907,"Presque Isle, ME"
908,"St. Martin, MS"
909,"Hog Valley, FL"
910,"Nacogdoches, TX"
911,"Taunton, MA"
912,"Byng, OK"
913,"Boyle Heights, CA"
914,"Jacksonsville, FL"
915,"Osteen, FL"
916,"Stockbridge, GA"
917,"Shawnee National Forest, IL"
918,"Riverdale, GA"
919,"Siskiyou County, CA"
920,"Sullivan, MO"
921,"Fisty, KY"
922,"Chesterfield County, SC"
923,"Oregon City, OR"
924,"Flagstaff, AZ"
925,"Hallandale Beach, FL"
926,"Oxford, MA"
927,"Gresham, OR"
928,"Harrisonville, MO"
929,"Lansing, IL"
930,"Washington Park, IL"
931,"Solvang, CA"
932,"Sneads, FL"
933,"Socorro, NM"
934,"Eastaboga, AL"
935,"Deland, FL"
936,"Clinton, NC"
937,"Stoneville, NC"
938,"Tualatin, OR"
939,"Bend, OR"
940,"Newnan, GA"
941,"Berea, KY"
942,"Wasilla, AK"
943,"Parker, AZ"
944,"Yreka, CA"
945,"Eufaula, AL"
946,"Wagoner, OK"
947,"Turlock, CA"
948,"Norman, VA"
949,"Port Arthur, TX"
950,"Ishpeming Township, MI"
951,"Somerton, AZ"
952,"Iredell County, NC"
953,"Yakima, WA"
954,"Tupelo, MS"
955,"Maywood, CA"
956,"Eagle Mountain, UT"
957,"Hiseville, KY"
958,"Schenectady, NY"
959,"Mobile, AL"
960,"Tiverton, RI"
961,"Odessa, MO"
962,"Chula Vista, CA"
963,"Pembine, WI"
964,"Butte, MT"
965,"Montpelier, OH"
966,"Fort Walton Beach, FL"
967,"Hardeeville, SC"
968,"Lake Havasu City, AZ"
969,"Peterborough, NH"
970,"Lawndale, NC"
971,"Wellington, FL"
972,"Walls, MS"
973,"Bellville, TX"
974,"Belleville, IL"
975,"Hanover, NM"
976,"Paterson, NJ"
977,"Farmington, AR"
978,"Fulshear, TX"
979,"Riverview, FL"
980,"Pinellas Park, FL"
981,"Gainesville, GA"
982,"Buckeye, AZ"
983,"Columbia Township, MI"
984,"Thomaston, CT"
985,"Dolton, IL"
986,"Boone, IA"
987,"Cochran, GA"
988,"Laguna Pueblo, NM"
989,"Frederica, DE"
990,"Barbourville, KY"
991,"Ouachita Parish, LA"
992,"Fort Madison, IA"
993,"Park County, CO"
994,"Landrum, SC"
995,"Jackson, WI"
996,"Asheville, NC"
997,"Bristol, TN"
998,"New Iberia, LA"
999,"Fullerton, CA"
1000,"Rosser, TX"
1001,"Yuma, AZ"
1002,"Falcon Heights, MN"
1003,"Rush Springs, OK"
1004,"Bell, CA"
1005,"Clovis, CA"
1006,"Selma, AL"
1007,"Broken Bow, OK"
1008,"East St. Louis, IL"
1009,"Romulus, MI"
1010,"St. Joseph, MI"
1011,"Middletown, NY"
1012,"Peachland, NC"
1013,"Lake Asbury, FL"
1014,"Little Egg Harbor Township, NJ"
1015,"Sheboygan, WI"
1016,"Buckhannon, WV"
1017,"Winchester, CA"
1018,"Gallup, NM"
1019,"Pine River, WI"
1020,"Estill Springs, TN"
1021,"Metairie, LA"
1022,"Malta, MT"
1023,"Sparks, NV"
1024,"La Quinta, CA"
1025,"Compton, CA"
1026,"City Terrace, CA"
1027,"Pleasant Hill, NC"
1028,"Phelps, KY"
1029,"Wapato, WA"
1030,"Edmund, SC"
1031,"Stafford, VA"
1032,"Lake City, SC"
1033,"Alexandria, MN"
1034,"Hammett, ID"
1035,"Castaic, CA"
1036,"Clearfield, UT"
1037,"Scott County, VA"
1038,"Aldie, VA"
1039,"East Point, GA"
1040,"Santee, CA"
1041,"Beaver Dam, WI"
1042,"Harrisburg, PA"
1043,"Little Mountain, SC"
1044,"Wilkesboro, NC"
1045,"Georgetown, KY"
1046,"Circleville, OH"
1047,"Plaquemine, LA"
1048,"Tukwila, WA"
1049,"Vista, CA"
1050,"Hayward, CA"
1051,"Falls Church, VA"
1052,"Counce, TN"
1053,"Augusta, WV"
1054,"Rome, OH"
1055,"Lenoir, NC"
1056,"Apache Junction, AZ"
1057,"Antelope, CA"
1058,"Hays, KS"
1059,"Poway, CA"
1060,"McKinneyville, CA"
1061,"East Hollywood, CA"
1062,"New London, WI"
1063,"East Ridge, TN"
1064,"Hamilton, OH"
1065,"Myra, TX"
1066,"Oak Cliff, TX"
1067,"Shelbyville, TN"
1068,"Eagan, MN"
1069,"Graham, WA"
1070,"Harker Heights, TX"
1071,"McDowell, MO"
1072,"Sylvania Township, OH"
1073,"Huntington Park, CA"
1074,"Alamogordo, NM"
1075,"Parker, CO"
1076,"Round Lake, IL"
1077,"East Wenatchee, WA"
1078,"Temple, TX"
1079,"Spencer, WV"
1080,"Gray, TN"
1081,"Albany, GA"
1082,"Titusville, FL"
1083,"Delhi, CA"
1084,"Auburn, WA"
1085,"Montcalm, WV"
1086,"Saratoga, CA"
1087,"Colton, CA"
1088,"Weeki Wachi, FL"
1089,"Big Bear, MO"
1090,"Winooski, VT"
1091,"Beaumont, CA"
1092,"Rutherfordton, NC"
1093,"St. Cloud, MN"
1094,"Spring, TX"
1095,"Logan Canyon, UT"
1096,"Wood County, TX"
1097,"Decatur County, TN"
1098,"Port St. Lucie, FL"
1099,"Mashantucket, CT"
1100,"Louisville, NE"
1101,"Fair Oaks, CA"
1102,"Pikesville, MD"
1103,"Claremont, NH"
1104,"Garden City, ID"
1105,"Little Rock, AR"
1106,"Groveton, TX"
1107,"Newark, NJ"
1108,"Campobello, SC"
1109,"Belleville, MI"
1110,"Hometown, WV"
1111,"Markham, IL"
1112,"Ventnor, NJ"
1113,"Springdale, AR"
1114,"Hessel, MI"
1115,"Moncks Corner, SC"
1116,"Macon, GA"
1117,"Killeen, AL"
1118,"Benton, AR"
1119,"Federal Way, WA"
1120,"Wetumka, OK"
1121,"Lumberton, NC"
1122,"Irvine, CA"
1123,"Westlake, OH"
1124,"Concord, CA"
1125,"Livingston Parish, LA"
1126,"Morehead, KY"
1127,"Grants Pass, OR"
1128,"Kent, WA"
1129,"Santa Cruz, CA"
1130,"Holiday, FL"
1131,"Benton Harbor, MI"
1132,"Paris, KY"
1133,"Willoughby, OH"
1134,"Muckleshoot Indian Reservation, WA"
1135,"Westover, AL"
1136,"Peterson, MN"
1137,"Edmonton, KY"
1138,"North St. Louis, MO"
1139,"Lincoln, CA"
1140,"Carrollton, TX"
1141,"Bartlesville, OK"
1142,"Elberton, GA"
1143,"Morris, MN"
1144,"North Royalton, OH"
1145,"Leedey, OK"
1146,"Torrance, CA"
1147,"Chatsworth, CA"
1148,"Brookville, OH"
1149,"Salisbury, NC"
1150,"Chambersburg, PA"
1151,"Loganville, GA"
1152,"Palm Springs, CA"
1153,"Lealman, FL"
1154,"Okemah, OK"
1155,"Clendenin, WV"
1156,"Beaver, WA"
1157,"Gladewater, TX"
1158,"Bowling Green, KY"
1159,"Maurice River, NJ"
1160,"Hensley, WV"
1161,"Ashtabula, OH"
1162,"Show Low, AZ"
1163,"San Angelo, TX"
1164,"Montrose County, CO"
1165,"Bloomsburg, PA"
1166,"York County, PA"
1167,"Webster, TX"
1168,"Ludowici, GA"
1169,"Casa Grande, AZ"
1170,"Watsonville, CA"
1171,"Brooklyn, NY"
1172,"Lompoc, CA"
1173,"La Mirada, CA"
1174,"Jackson, TN"
1175,"Hattiesburg, MS"
1176,"Surprise, AZ"
1177,"Olathe, KS"
1178,"Naples, ME"
1179,"Hickory, NC"
1180,"Friendswood, TX"
1181,"Avon, IN"
1182,"Iva, SC"
1183,"Dover, AR"
1184,"Simpsonsville, KY"
1185,"Tuscumbia, AL"
1186,"Hudson, OH"
1187,"Elkhart, IN"
1188,"Orange City, FL"
1189,"Fruitland Park, FL"
1190,"Fayetteville, NC"
1191,"Sioux City, IA"
1192,"Avella, PA"
1193,"Allen, TX"
1194,"Keaau, HI"
1195,"Leland, NC"
1196,"Forks Township, PA"
1197,"Sumter, SC"
1198,"Greenwood, IN"
1199,"York, NE"
1200,"Fairmont, WV"
1201,"Bullhead City, AZ"
1202,"Medicine Lodge, KS"
1203,"Fort Valley, GA"
1204,"Hampton, GA"
1205,"Hacienda Heights, CA"
1206,"Dallas, OR"
1207,"Arlington, TN"
1208,"Everett, WA"
1209,"Ridgefield, WA"
1210,"Granite Falls, NC"
1211,"Pharr, TX"
1212,"Brawley, CA"
1213,"Ponca City, OK"
1214,"Burns Flat, OK"
1215,"Knox, IN"
1216,"Saraland, AL"
1217,"Coalinga, CA"
1218,"Capitol Heights, MD"
1219,"Palm Harbor, FL"
1220,"Lake Wales, FL"
1221,"Gadsden, AL"
1222,"Pico Rivera, CA"
1223,"King City, OR"
1224,"Desha, AR"
1225,"Middleburg, FL"
1226,"Grass Valley, CA"
1227,"Pearland, TX"
1228,"North Riverside, IL"
1229,"Campbellton, TX"
1230,"Spring Hill, TN"
1231,"Chestertown, MD"
1232,"Pensacola, FL"
1233,"Mankato, MN"
1234,"Loxahatchee, FL"
1235,"Huntingdon County, PA"
1236,"Springfield, OH"
1237,"Villa Park, IL"
1238,"Woodstock, GA"
1239,"Gilmer, TX"
1240,"Pomona, CA"
1241,"Lancaster, KY"
1242,"English, IN"
1243,"Dinuba, CA"
1244,"Monteagle, TN"
1245,"Sharon, PA"
1246,"Deerfield, IL"
1247,"Princeton, WV"
1248,"Fairland, OK"
1249,"Elkridge, MD"
1250,"Independence, MO"
1251,"Cumming, GA"
1252,"Reagan, TN"
1253,"Austin, MN"
1254,"Vineland, MN"
1255,"Pearisburg, VA"
1256,"Kahuku, HI"
1257,"Tyrone, GA"
1258,"Fulton, KY"
1259,"Herndon, VA"
1260,"Soddy-Daisy, TN"
1261,"Twentynine Palms, CA"
1262,"Salinas, CA"
1263,"Watts, OK"
1264,"Gary, IN"
1265,"Grand Forks, ND"
1266,"Florissant, MO"
1267,"Woodford, VA"
1268,"Fritch, TX"
1269,"Greenville, MS"
1270,"Jean, NV"
1271,"Waldoboro, ME"
1272,"Carson, CA"
1273,"Brooklet, GA"
1274,"Springfield, IL"
1275,"Kenner, LA"
1276,"Atascadero, CA"
1277,"Algoma Township, MI"
1278,"Lancaster City, PA"
1279,"Kuna, ID"
1280,"Oxford, AL"
1281,"Southaven, MS"
1282,"Millston, WI"
1283,"Overlea, MD"
1284,"Madison Township, OH"
1285,"Alhambra, CA"
1286,"Fort Stockton, TX"
1287,"Des Moines, WA"
1288,"Oakdale, CT"
1289,"Kiowa, OK"
1290,"Lynnwood, WA"
1291,"Hollywood, CA"
1292,"Highland, CA"
1293,"Wichita Falls, TX"
1294,"Orange Park, FL"
1295,"Olympic Valley, CA"
1296,"Panhandle, TX"
1297,"Rowland, NC"
1298,"Grafton, WV"
1299,"Forest Park, IL"
1300,"Moultrie, GA"
1301,"DeLand, FL"
1302,"Englewood, OH"
1303,"Commerce City, CO"
1304,"Santa Monica, CA"
1305,"Jackson County, AL"
1306,"Mt. Pleasant, TN"
1307,"Howland Township, OH"
1308,"Richmond, KY"
1309,"Brookville, IN"
1310,"Anadarko, OK"
1311,"Geneva Township, OH"
1312,"Crownpoint, NM"
1313,"Vassalboro, ME"
1314,"Bethany, OK"
1315,"Bridgeton, NJ"
1316,"Aiea, HI"
1317,"Terrell, TX"
1318,"Santa Barbara, CA"
1319,"Golden Shores, AZ"
1320,"Vincennes, IN"
1321,"Cape Girardeau, MO"
1322,"Newman, CA"
1323,"Gardena, CA"
1324,"Douglas City, CA"
1325,"Grand Prarie, TX"
1326,"Big Lake, AK"
1327,"Portland, ME"
1328,"Efland, NC"
1329,"Bull Shoals, AR"
1330,"St. Joseph, MO"
1331,"Roy, UT"
1332,"Conroe, TX"
1333,"Newton, KS"
1334,"Fairfax, OK"
1335,"London, KY"
1336,"Rocklin, CA"
1337,"Lumpkin, GA"
1338,"Englewood, FL"
1339,"Aragonite, UT"
1340,"Floral City, FL"
1341,"Shelby, NC"
1342,"Corning, WI"
1343,"Lufkin, TX"
1344,"Rib Mountain, WI"
1345,"San Marcos, CA"
1346,"Englewood, CO"
1347,"Lemoore, CA"
1348,"Fountain Inn, SC"
1349,"Cabazon, CA"
1350,"Medina, OH"
1351,"Ladera Heights, CA"
1352,"Union Township, PA"
1353,"Riverside, CA"
1354,"Huntington Beach, CA"
1355,"Escondido, CA"
1356,"Midlothian, TX"
1357,"East Baton Rouge, LA"
1358,"Bellingham, WA"
1359,"Euclid, OH"
1360,"Woodlawn, MD"
1361,"Toms River, NJ"
1362,"Fife, WA"
1363,"Panama City Beach, FL"
1364,"Warren, MI"
1365,"Lakeland, TN"
1366,"Cedartown, GA"
1367,"Affton, MO"
1368,"Gifford, FL"
1369,"Cape Canaveral, FL"
1370,"Desert Hot Springs, CA"
1371,"Booneville, KY"
1372,"Crowley, LA"
1373,"Weston, WI"
1374,"Sheridan, AR"
1375,"Cottonwood, CA"
1376,"Cisco, TX"
1377,"Anderson, CA"
1378,"Delray Beach, FL"
1379,"Lewisburg, TN"
1380,"Montgomery Village, MD"
1381,"Lafayette, IN"
1382,"Manistee, MI"
1383,"Stockton, IL"
1384,"Byars, OK"
1385,"New Castle, DE"
1386,"Lawrenceburg, KY"
1387,"Whitewright, TX"
1388,"Cranbury Township, NJ"
1389,"Cantonment, FL"
1390,"Pendleton, SC"
1391,"Goshen, IN"
1392,"Westerville, OH"
1393,"Largo, FL"
1394,"Kyle, SD"
1395,"Santa Paula, CA"
1396,"Avondale, AZ"
1397,"Udall, KS"
1398,"Suffield, CT"
1399,"Spanaway, WA"
1400,"Mandan, ND"
1401,"West Memphis, AR"
1402,"Newport Beach, CA"
1403,"Colebrook Township, OH"
1404,"Vadnais Heights, MN"
1405,"Clarksville, TN"
1406,"Brandywine, WV"
1407,"Logan County, OK"
1408,"West Linn, OR"
1409,"Yuba City, CA"
1410,"Portage, IN"
1411,"Killeen, TX"
1412,"Stewartstown, PA"
1413,"Wolf Creek, OR"
1414,"Bellflower, CA"
1415,"Lizella, GA"
1416,"Lewistown, PA"
1417,"Middletown, DE"
1418,"San Mateo, CA"
1419,"Balch Springs, TX"
1420,"Papaaloa, HI"
1421,"Eldorado, NM"
1422,"Tom, OK"
1423,"University City, CA"
1424,"Grand Rapids, MI"
1425,"Peachtree City, GA"
1426,"Katy, TX"
1427,"Buffalo, NY"
1428,"Bridgeport, CT"
1429,"Lexington, SC"
1430,"Tiffin, OH"
1431,"Brighton Township, MI"
1432,"Barona Indian Reservation, CA"
1433,"Baldwin County, AL"
1434,"Jupiter, FL"
1435,"West Allis, WI"
1436,"Del Mar, CA"
1437,"Wewoka, OK"
1438,"Tustin, CA"
1439,"Three Forks, MT"
1440,"Lower Mount Bethel, PA"
1441,"Belgrade, ME"
1442,"Appleton, WI"
1443,"Converse, LA"
1444,"Mountain Home, ID"
1445,"Pahrump, NV"
1446,"Canton, OH"
1447,"San Rafael, NM"
1448,"Oneida, TN"
1449,"Austell, GA"
1450,"Cary, NC"
1451,"Arundel, ME"
1452,"Vacaville, CA"
1453,"Gerrardstown, WV"
1454,"Hesperia, CA"
1455,"Centennial, CO"
1456,"Yulee, FL"
1457,"Abbeville, AL"
1458,"Petal, MS"
1459,"Callahan, FL"
1460,"Campo, CA"
1461,"Bardstown, KY"
1462,"Lakes Wales, FL"
1463,"Gonzales County, TX"
1464,"Orrington, ME"
1465,"Dundalk, MD"
1466,"Hudson, NC"
1467,"Roland, OK"
1468,"Lyons, IL"
1469,"North English, IA"
1470,"Abilene, TX"
1471,"Selma, CA"
1472,"Plano, TX"
1473,"Trosper, KY"
1474,"Cade, LA"
1475,"Jerseyville, IL"
1476,"Hampton, NH"
1477,"Alexandria, VA"
1478,"Somerville, TN"
1479,"Newton, NH"
1480,"Water Valley, MS"
1481,"Madera, CA"
1482,"Montebello, CA"
1483,"Waukesha, WI"
1484,"Franklin, TN"
1485,"St. Clair Township, OH"
1486,"Lehigh, KS"
1487,"Nevada, MO"
1488,"Millerton, OK"
1489,"Florence, OR"
1490,"Deer Park, AL"
1491,"Rowe, NM"
1492,"Marietta, GA"
1493,"Lawndale, IL"
1494,"Fishers, IN"
1495,"Hillsboro, OR"
1496,"Bonaire, GA"
1497,"Pleasant View, CO"
1498,"Federal Heights, CO"
1499,"Vandalia, OH"
1500,"Centerville, UT"
1501,"Richland, WA"
1502,"Maeystown, IL"
1503,"Sallisaw, OK"
1504,"Madison, ME"
1505,"Plant City, FL"
1506,"Mamou, LA"
1507,"Lacey, WA"
1508,"Crescent City, FL"
1509,"Newton Grove, NC"
1510,"Uniontown, OH"
1511,"Bainbridge Island, WA"
1512,"Mt Airy, MD"
1513,"North Branch, MN"
1514,"Poplar Bluff, MO"
1515,"Leavenworth, KS"
1516,"Golden Valley, AZ"
1517,"Lake View, SC"
1518,"Grover Beach, CA"
1519,"Pima, AZ"
1520,"Crystal Springs, FL"
1521,"Goodyear, AZ"
1522,"Culpeper, VA"
1523,"Clay, AL"
1524,"Springfield, OR"
1525,"Saginaw, MI"
1526,"Neosho, MO"
1527,"Paulden, AZ"
1528,"Spencer, MA"
1529,"Marion, AR"
1530,"Vero Beach, FL"
1531,"Homer, LA"
1532,"Grand Terrace, CA"
1533,"Avenal, CA"
1534,"Wenatchee, WA"
1535,"Chowchilla, CA"
1536,"Glenville, NY"
1537,"Melba, ID"
1538,"Norco, CA"
1539,"Oshkosh, WI"
1540,"Los Banos, CA"
1541,"Mt. Airy, NC"
1542,"Coushatta, LA"
1543,"Richmond, CA"
1544,"Mannington, WV"
1545,"Lima, OH"
1546,"Surfside Beach, SC"
1547,"Spanish Springs, NV"
1548,"Lauderdale County, MS"
1549,"Marine City, MI"
1550,"Mead Township, PA"
1551,"New Straitsville, OH"
1552,"Santa Rosa, CA"
1553,"Bon Aqua, TN"
1554,"North Bergen, NJ"
1555,"Blue Summit, MO"
1556,"Junction City, KS"
1557,"Dalton, IL"
1558,"Dyer, IN"
1559,"Channelview, TX"
1560,"Frederickstown, WA"
1561,"Habersham, GA"
1562,"La Crosse, WI"
1563,"Cosby, TN"
1564,"Thomasville, GA"
1565,"Livermore, CA"
1566,"Crenshaw County, AL"
1567,"Bloomfield, NJ"
1568,"Fairchance, PA"
1569,"Yellville, AR"
1570,"Brick, NJ"
1571,"Morganton, NC"
1572,"Franklin, WI"
1573,"Steubenville, OH"
1574,"Pardeeville, WI"
1575,"Orcutt, CA"
1576,"Durham, CA"
1577,"Waterford Township, MI"
1578,"Lemon Grove, CA"
1579,"Orange, NJ"
1580,"Sunrise, FL"
1581,"Woodville, GA"
1582,"Pine Bluff, AR"
1583,"Farmington, NM"
1584,"Kettering, OH"
1585,"Sharpsburg, KY"
1586,"New Milford, CT"
1587,"Jacksonville, AL"
1588,"Lincoln Parish, LA"
1589,"Watagua, TX"
1590,"Fort Myers, FL"
1591,"Poultney, VT"
1592,"Mount Hope, WI"
1593,"Pittsfield, MA"
1594,"Longview, WA"
1595,"Columbus, GA"
1596,"Kendale Lakes, FL"
1597,"Monett, MO"
1598,"Arcata, CA"
1599,"Youngtown, AZ"
1600,"Huntersville, NC"
1601,"Great Falls, MT"
1602,"Hixson, TN"
1603,"Bassett, CA"
1604,"Quartzsite, AZ"
1605,"Frametown, WV"
1606,"Haymarket, VA"
1607,"Oak Harbor, WA"
1608,"West Milford, WV"
1609,"Monroe, NC"
1610,"Independence, VA"
1611,"Bernice, LA"
1612,"La Porte, TX"
1613,"Peoria, IL"
1614,"Boswell, OK"
1615,"Rockwall, TX"
1616,"Oceanside, CA"
1617,"New Castle, IN"
1618,"Palmetto, FL"
1619,"Fairview, TN"
1620,"Coolin, ID"
1621,"Spring Hill, FL"
1622,"Griffin, GA"
1623,"Columbua, IN"
1624,"Palatka, FL"
1625,"Hialeah, FL"
1626,"West Burlington, IA"
1627,"Canton Township, PA"
1628,"Seward, AK"
1629,"North Fort Collins, CO"
1630,"Parkton, NC"
1631,"West Ouachita, LA"
1632,"Jefferson City, MO"
1633,"Canandaigua, NY"
1634,"Thomas County, GA"
1635,"Hiram, GA"
1636,"Finney County, KS"
1637,"Leeds, AL"
1638,"Duarte, CA"
1639,"Golden, CO"
1640,"Perryopolis, PA"
1641,"Charleston, WV"
1642,"Abingdon, VA"
1643,"Pinetop-Lakeside, AZ"
1644,"Rochester, WA"
1645,"Valdez, CO"
1646,"Wayne County, KY"
1647,"Charlottesville, VA"
1648,"Simpsonville, SC"
1649,"Kingwood, TX"
1650,"Picture Rocks, AZ"
1651,"Hampton, VA"
1652,"Clearwater, FL"
1653,"Kings Mountain, NC"
1654,"Moraine, OH"
1655,"Fort Smith, OK"
1656,"Cloverdale, CA"
1657,"Girard, OH"
1658,"Crandon, WI"
1659,"Shelbyville, KY"
1660,"Standing Rock Reservation, ND"
1661,"Plymouth Township, PA"
1662,"Norwich, CT"
1663,"Erie, PA"
1664,"Horseheads, NY"
1665,"Fairhope, AL"
1666,"Indiantown, FL"
1667,"Black River Falls, WI"
1668,"Polk County, OR"
1669,"Tate County, MS"
1670,"King of Prussia, PA"
1671,"Livingston, TN"
1672,"Anniston, AL"
1673,"Pippa Passes, KY"
1674,"Inkster, MI"
1675,"Port Orange, FL"
1676,"Batesville, AR"
1677,"Ohatchee, AL"
1678,"Clarksville, AR"
1679,"Owen County, IN"
1680,"Meridian, MS"
1681,"Rudioso, NM"
1682,"Lynchburg, VA"
1683,"Forest Park, GA"
1684,"Clinton, TN"
1685,"Odanah, WI"
1686,"Providence, RI"
1687,"Neshoba County, MS"
1688,"Flatwoods, KY"
1689,"Gibson, LA"
1690,"Crystal, MN"
1691,"Hinds County, MS"
1692,"Dakota City, IA"
1693,"St. Tammany Parish, LA"
1694,"Fall River, MA"
1695,"Tremont, NY"
1696,"Rancho Tehama Reserve, CA"
1697,"Jackson, MS"
1698,"Elmira, NY"
1699,"Cedar Lake, TX"
1700,"West Monroe, LA"
1701,"Fairfax, VA"
1702,"Prichard, AL"
1703,"Warren County, KY"
1704,"Greenville County, SC"
1705,"Davenport, IA"
1706,"Klamath Falls, OR"
1707,"Lebanon, MO"
1708,"Pell City, AL"
1709,"Holland Township, MI"
1710,"Wimberley, TX"
1711,"Penasco, NM"
1712,"Covina, CA"
1713,"Eaton County, MI"
1714,"Hillyard, WA"
1715,"Three Points, AZ"
1716,"Hendersonville, NC"
1717,"North Hollywood, CA"
1718,"York, SC"
1719,"La Marque, TX"
1720,"Monticello, GA"
1721,"Bassett, VA"
1722,"Lauderdale Lakes, FL"
1723,"Coral Springs, FL"
1724,"Peshtigo, WI"
1725,"Old Forge, PA"
1726,"Dover, DE"
1727,"Rose Bud, AR"
1728,"Artesia, CA"
1729,"Rincon, GA"
1730,"Hamilton, AL"
1731,"New Britain, CT"
1732,"McMinnville, TN"
1733,"Lexington, VA"
1734,"Charleston, TN"
1735,"Bremerton, WA"
1736,"Valley Head, WV"
1737,"Oak Park, MI"
1738,"Mulberry, AR"
1739,"The Colony, TX"
1740,"Miami Township, OH"
1741,"Schertz, TX"
1742,"Gilbert, MN"
1743,"Pocatello, ID"
1744,"Canaan, NH"
1745,"Progreso, TX"
1746,"Boring, OR"
1747,"Tulare, CA"
1748,"Lawrence, IN"
1749,"Farmers Branch, TX"
1750,"300 block of State Line Road, TN"
1751,"Chester, VA"
1752,"Dover Township, PA"
1753,"Redwood City, CA"
1754,"Crowell, TX"
1755,"Highlands Ranch, CO"
1756,"Romance, AR"
1757,"Edgewater, FL"
1758,"Camp Wood, TX"
1759,"Ozark, AR"
1760,"Joplin, MO"
1761,"Whitehall, OH"
1762,"McLoud, OK"
1763,"Round Rock, TX"
1764,"Sparta, WI"
1765,"San Carlos Park, FL"
1766,"Manchester Township, PA"
1767,"Lauderhill, FL"
1768,"Danville, VA"
1769,"Sedona, AZ"
1770,"Horn Lake, MS"
1771,"Church Hill, TN"
1772,"Lexington County, SC"
1773,"Cave Junction, OR"
1774,"Elko, NV"
1775,"Pittsburg, CA"
1776,"Scottsville, KY"
1777,"Sherwood, OR"
1778,"Puyallup, WA"
1779,"El Sereno, CA"
1780,"Montpelier, VT"
1781,"Bedford, TX"
1782,"Adams County, CO"
1783,"Gooding, ID"
1784,"Franklin County, OH"
1785,"Nashua, IA"
1786,"Racine, WI"
1787,"Boonville, IN"
1788,"Overland Park, KS"
1789,"Fairmont, MN"
1790,"Dunwoody, GA"
1791,"Rockledge, FL"
1792,"Ebey Island, WA"
1793,"Battle Creek, MI"
1794,"Millville, NJ"
1795,"Crescent City, CA"
1796,"Chatham County, GA"
1797,"League City, TX"
1798,"Union Township, MI"
1799,"Little Orleans, MD"
1800,"Buford, GA"
1801,"Rock Falls, IL"
1802,"Walton, IN"
1803,"Chamblee, GA"
1804,"Pink, OK"
1805,"St. James, MN"
1806,"Arvada, CO"
1807,"Waverly, OH"
1808,"Clayton, GA"
1809,"Helena, MT"
1810,"Winters, TX"
1811,"Reading, MA"
1812,"Nice, CA"
1813,"Laguna Woods, CA"
1814,"Lantana, FL"
1815,"Grant-Valkaria, FL"
1816,"Locust Grove, GA"
1817,"Bolton, VT"
1818,"Grant, OK"
1819,"Willits, CA"
1820,"Merrillville, IN"
1821,"Belton, MO"
1822,"Montezuma Creek, UT"
1823,"Henderson, NC"
1824,"Cocoa Beach, FL"
1825,"Sissonville, WV"
1826,"Inwood, WV"
1827,"Hernando, FL"
1828,"Catoosa, OK"
1829,"Guadalupe County, TX"
1830,"Fort Washington, MD"
1831,"Stutsman County, ND"
1832,"Stratford, TX"
1833,"Woodbridge, VA"
1834,"Monongalia, WV"
1835,"Crawford County, OH"
1836,"Wamego, KS"
1837,"Chester, SC"
1838,"Coeur d'Alene, ID"
1839,"Alamosa, CO"
1840,"Henrico, VA"
1841,"Bristol Township, PA"
1842,"Clarksville, TX"
1843,"Pima County, AZ"
1844,"Johnson County, MO"
1845,"Abington Township, PA"
1846,"Carroll County, GA"
1847,"Barnwell, AL"
1848,"Oil Springs, KY"
1849,"North Manchester, IN"
1850,"Shelbyville, TX"
1851,"Clinton, MO"
1852,"Spotsylvania, VA"
1853,"Pottstown, PA"
1854,"Pilot Station, AK"
1855,"Tarpon Springs, FL"
1856,"Fort Sumner, NM"
1857,"Elgin, IL"
1858,"Midland, MI"
1859,"Blackman Township, MI"
1860,"Lexington, NC"
1861,"West Fargo, ND"
1862,"Manhasset, NY"
1863,"Sandy, UT"
1864,"Keizer, OR"
1865,"Parmelee, SD"
1866,"Harris County, TX"
1867,"Jonesborough, TN"
1868,"Elk Plain, WA"
1869,"Burnsville, NC"
1870,"Valley View, CA"
1871,"Lancaster, TX"
1872,"Utica, KY"
1873,"Lone Rock, AR"
1874,"Scott County, KY"
1875,"Timberlake, NC"
1876,"Winter Haven, FL"
1877,"Princeton, NJ"
1878,"Littlefield, TX"
1879,"Owasso, OK"
1880,"Mannford, OK"
1881,"Amelia Island, FL"
1882,"Aurora, IL"
1883,"Greenspoint, TX"
1884,"Bogalusa, LA"
1885,"Childress, TX"
1886,"Genesee Township, MI"
1887,"Douglas, AZ"
1888,"Nikolaevsk, AK"
1889,"Wise County, VA"
1890,"Sanford, NC"
1891,"Midway, FL"
1892,"Nampa, ID"
1893,"Lower Macungie Township, PA"
1894,"Swansea, SC"
1895,"Pasadena, TX"
1896,"Winston-Salem, NC"
1897,"New Llano, LA"
1898,"Goodbee, LA"
1899,"Jackson, MI"
1900,"Okmulgee, OK"
1901,"Molena, GA"
1902,"Reynoldsville, WV"
1903,"South Bend, IN"
1904,"Volant, PA"
1905,"Marysville, CA"
1906,"Searcy County, AR"
1907,"Oroville, CA"
1908,"West Valley City, UT"
1909,"Troy, MI"
1910,"Reseda, CA"
1911,"Oaks, OK"
1912,"Baldwin Hills, CA"
1913,"Royal Oak, MI"
1914,"Winn Parish, LA"
1915,"Pembroke, NY"
1916,"Sparta, NC"
1917,"Lake Elmo, MN"
1918,"Helena-West Helena, AR"
1919,"Washington, PA"
1920,"Lodge Grass, MT"
1921,"Magna, UT"
1922,"Tishomingo, OK"
1923,"Cumberland County, KY"
1924,"Greene County, MO"
1925,"Sugar House, UT"
1926,"Pavilion Township, MI"
1927,"Foresthill, CA"
1928,"Mackinaw, IL"
1929,"West Olive, MI"
1930,"Harmony, TX"
1931,"Grand Canyon Caverns, AZ"
1932,"Grand Prairie, TX"
1933,"Vernon, TX"
1934,"Palermo, CA"
1935,"Shelby Township, MI"
1936,"Johns Creek, GA"
1937,"Casselberry, FL"
1938,"Moorland, IA"
1939,"Box Elder, SD"
1940,"Liberty, NC"
1941,"Orosi, CA"
1942,"Sandia, TX"
1943,"Oakfield, ME"
1944,"Aurora, MO"
1945,"Fairview, OH"
1946,"Prague, OK"
1947,"Floyd County, GA"
1948,"Hackett, AR"
1949,"Glade Spring, VA"
1950,"Lower Burrell, PA"
1951,"York, WI"
1952,"Clark County, WI"
1953,"Haughton, LA"
1954,"Talihina, OK"
1955,"Blackfoot, ID"
1956,"Amite, LA"
1957,"Carnesville, GA"
1958,"Dearborn Heights, MI"
1959,"Clinton, MD"
1960,"Wales, ME"
1961,"Quincy, IL"
1962,"Lake Mary, FL"
1963,"Martins Ferry, OH"
1964,"Norman, OK"
1965,"Plymouth Township, MI"
1966,"Sunridge, NV"
1967,"Baxter, KY"
1968,"Joshua Tree, CA"
1969,"Mathis, TX"
1970,"Gurnee, IL"
1971,"Fox Crossing, WI"
1972,"Rio Bravo, TX"
1973,"Citra, FL"
1974,"Dumas, TX"
1975,"Fort Morgan, CO"
1976,"Silsbee, TX"
1977,"Everton, MO"
1978,"Riverbank, CA"
1979,"Cottonwood Heights, UT"
1980,"Florida City, FL"
1981,"Thomasville, NC"
1982,"Dundee, FL"
1983,"Mecca, CA"
1984,"Wilmington, NC"
1985,"Merrick, NY"
1986,"LaGrange, GA"
1987,"Delaware, OH"
1988,"Benton City, WA"
1989,"Hardwick, NJ"
1990,"Madison County, MS"
1991,"Deptford, NJ"
1992,"Westminister, CO"
1993,"Silver Spring, MD"
1994,"Danville, IL"
1995,"Monroe, GA"
1996,"Eustis, FL"
1997,"Pike County, OH"
1998,"Hall County, GA"
1999,"Nokomis, IL"
2000,"Warwick, NY"
2001,"South Salt Lake, UT"
2002,"Tucumcari, NM"
2003,"Kingsland, GA"
2004,"Albany, NY"
2005,"Fairfield, OH"
2006,"North Shore, HI"
2007,"Monroe, LA"
2008,"Coos Bay, OR"
2009,"Meridian, ID"
2010,"Prompton, PA"
2011,"Galveston, TX"
2012,"Grenada, MS"
2013,"Russellville, AR"
2014,"Dade City, FL"
2015,"North Pole, AK"
2016,"Lawrenceburg, TN"
2017,"Grandview, MO"
2018,"Panora, IA"
2019,"South Elgin, IL"
2020,"Spalding County, GA"
2021,"Red Bluff, CA"
2022,"Calaveras County, CA"
2023,"Devil's Lake, ND"
2024,"Copper Center, AK"
2025,"Amity, OR"
2026,"Westminster, CA"
2027,"Willis, TX"
2028,"Chanhassen, MN"
2029,"Dilley, TX"
2030,"Florence, SC"
2031,"Alvin, TX"
2032,"Altoona, IA"
2033,"Fletcher, NC"
2034,"Pattison, TX"
2035,"Puna, HI"
2036,"Lady Lake, FL"
2037,"Bixby, OK"
2038,"Hanover, CO"
2039,"Burlington, NC"
2040,"Bristol, VA"
2041,"Starke, FL"
2042,"Havasu, AZ"
2043,"LaFollette, TN"
2044,"Walton County, GA"
2045,"Kent Station, WA"
2046,"Lakemoor, IL"
2047,"Redondo Beach, CA"
2048,"Nanakuli, HI"
2049,"South Whitehall Township, PA"
2050,"Aberdeen, NC"
2051,"Mississippi County, AR"
2052,"Oxon Hill, MD"
2053,"Hereford, TX"
2054,"Sussex County, VA"
2055,"Apopka, FL"
2056,"Trumann, AR"
2057,"Deer Park, WA"
2058,"Seville, FL"
2059,"Liberty, MO"
2060,"Van Buren, AR"
2061,"Monroe County, IN"
2062,"Salt River Reservation, AZ"
2063,"Carthage, TN"
2064,"Hawkins, WI"
2065,"Waynesboro, VA"
2066,"Richton Park, IL"
2067,"Creston, IA"
2068,"Olustee, FL"
2069,"Gonic, NH"
2070,"Enoree, SC"
2071,"Montgomery County, VA"
2072,"Blacksburg, SC"
2073,"Washington Court House, OH"
2074,"Beverly Hills, FL"
2075,"Pasadena, CA"
2076,"Sedalia, CO"
2077,"Bernalillo, NM"
2078,"Cheney, WA"
2079,"Hollywood, FL"
2080,"Morris, AL"
2081,"Jonesville, NC"
2082,"Citronelle, AL"
2083,"Missouri City, TX"
2084,"Stanwood, WA"
2085,"Ankeny, IA"
2086,"Jacksonville, AR"
2087,"Walla Walla, WA"
2088,"Manitowoc, WI"
2089,"Temple Hills, MD"
2090,"Maspeth, NY"
2091,"Christian County, KY"
2092,"Marysville, WA"
2093,"Williamsburg, KY"
2094,"Stead, NV"
2095,"East Los Angeles, CA"
2096,"Peoria, AZ"
2097,"Stanfordville, NY"
2098,"Enid, OK"
2099,"Hammond, LA"
2100,"Johns Island, SC"
2101,"Epping, NH"
2102,"Greenback, TN"
2103,"Hastings, MN"
2104,"Victorville, CA"
2105,"Bartlett, TN"
2106,"Scarbo, WV"
2107,"Chinle, AZ"
2108,"Hayti, MO"
2109,"Auburn, CA"
2110,"Lawtey, FL"
2111,"Larimer County, CO"
2112,"Clovis, NM"
2113,"Okarche, OK"
2114,"Oak Ridge, TN"
2115,"Thousand Oaks, CA"
2116,"Sullivan, IN"
2117,"Orem, OR"
2118,"Fort Smith, AR"
2119,"Jeffersonville, OH"
2120,"Woodville, CA"
2121,"Hilltop, OH"
2122,"Quinlan, TX"
2123,"Kearns, UT"
2124,"Elkhorn, WI"
2125,"Darlington County, SC"
2126,"Washington, NC"
2127,"Quincy, FL"
2128,"Snellville, GA"
2129,"Riverton, UT"
2130,"Newport, TN"
2131,"Alderwood Manor, WA"
2132,"Parkville, MD"
2133,"Bandon, OR"
2134,"Danville, CA"
2135,"St. Clair Shores, MI"
2136,"Clear Creek Canyon, CO"
2137,"Glen Burnie, MD"
2138,"Cocke County, TN"
2139,"Port Charlotte, FL"
2140,"Camp Croft, SC"
2141,"St. Cloud, FL"
2142,"Corona, CA"
2143,"Charleston View, CA"
2144,"Shakopee, MN"
2145,"Clarksdale, MS"
2146,"Robbins, IL"
2147,"Mantoloking, NJ"
2148,"Pratt, KS"
2149,"Wythe County, VA"
2150,"Auburn, MA"
2151,"Haynesville, AL"
2152,"Paradise, CA"
2153,"Demopolis, AL"
2154,"Missoula, MT"
2155,"Magnolia, AR"
2156,"Stillwater, MN"
2157,"Franklinton, OH"
2158,"Lincoln Township, MI"
2159,"Talladega, AL"
2160,"Bell Gardens, CA"
2161,"Palmer, AK"
2162,"Gunnison County, CO"
2163,"Bremen, KY"
2164,"South Knoxville, TN"
2165,"Clinton, UT"
2166,"Virginia, MN"
2167,"Bemidji, MN"
2168,"Old Town, ME"
2169,"New Underwood, SD"
2170,"Tamarac, FL"
2171,"Philadephia, PA"
2172,"Martinez, CA"
2173,"Henry County, GA"
2174,"West Wendover, NV"
2175,"Noble County, OK"
2176,"Fredonia, NY"
2177,"Bibb County, GA"
2178,"Pahoa, HI"
2179,"Rangley, CO"
2180,"Pope County, AR"
2181,"Calhoun, GA"
2182,"Bushnell, FL"
2183,"Shirley, NY"
2184,"Hanford, CA"
2185,"Apple Creek, OH"
2186,"Natomas, CA"
2187,"Franklin Township, PA"
2188,"Union City, PA"
2189,"Springfield, FL"
2190,"Wailuku, HI"
2191,"Rector, AR"
2192,"Tullahoma, TN"
2193,"Crawfordsville, IN"
2194,"Danbury, CT"
2195,"Fort Dodge, IA"
2196,"Longmont, CO"
2197,"Shallotte, NC"
2198,"Davidson County, NC"
2199,"Niles, OH"
2200,"Bozeman, MT"
2201,"Greenport, NY"
2202,"Albert Lea, MN"
2203,"Treme, LA"
2204,"San Marcos, TX"
2205,"Union County, SC"
2206,"Milwaukie, OR"
2207,"Hurricane, WV"
2208,"Glen Valley, CA"
2209,"Leadwood, MO"
2210,"Paramus, NJ"
2211,"Eclectic, AL"
2212,"Lake Charles, LA"
2213,"Huntsville, TX"
2214,"Dearborn County, IN"
2215,"Calabasas, CA"
2216,"White Lake, SD"
2217,"Linda, CA"
2218,"Logan Township, NJ"
2219,"Roseville, CA"
2220,"Fort Lupton, CO"
2221,"Sperry, OK"
2222,"O'Fallon, MO"
2223,"St. Louis Park, MN"
2224,"South Haven, IN"
2225,"Naschitti, NM"
2226,"Ehrenberg, AZ"
2227,"Dyersburg, TN"
2228,"North Escambia, FL"
2229,"Mercury, NV"
2230,"Kirkwood, NY"
2231,"Butte County, CA"
2232,"Tehama County, CA"
2233,"Kalihi, HI"
2234,"Passaic, NJ"
2235,"Waukegan, IL"
2236,"Clarksburg, WV"
2237,"Farmville, VA"
2238,"LaSalle, CO"
2239,"Walter Hill, TN"
2240,"Stone County, MS"
2241,"Snyder, TX"
2242,"Banning, CA"
2243,"Barberton, OH"
2244,"Bailey, NC"
2245,"Del City, OK"
2246,"Montgomery, WV"
2247,"Crestwood, KY"
2248,"Defiance, OH"
2249,"Cinco Ranch, TX"
2250,"Apex, NC"
2251,"Aspers, PA"
2252,"Clinton, MS"
2253,"Napa Valley, CA"
2254,"Claiborne County, TN"
2255,"Pelehatchie, MS"
2256,"Walton, WV"
2257,"Poteet, TX"
2258,"Blountville, TN"
2259,"Flint, MI"
2260,"McIntosh County, GA"
2261,"Miltona, MN"
2262,"Huger, SC"
2263,"Struthers, OH"
2264,"DeRidder, LA"
2265,"Lone Tree, CO"
2266,"Fairfield, TX"
2267,"Sebewaing, MI"
2268,"Mount Holly, NC"
2269,"Fairchild, WI"
2270,"Carter County, KY"
2271,"Glenoma, WA"
2272,"Rancho Mirage, CA"
2273,"DeKalb County, GA"
2274,"Athens, GA"
2275,"Monahans, TX"
2276,"Cheatham County, TN"
2277,"Pennfield Township, MI"
2278,"Quanah, TX"
2279,"Cofield, NC"
2280,"Westminster, MD"
2281,"Salacoa, GA"
2282,"Kalamazoo, MI"
2283,"Ashland, CA"
2284,"Grand Island, NE"
2285,"Greensburg, PA"
2286,"Monroe County, MS"
2287,"Ontario, OR"
2288,"Macoupin County, IL"
2289,"The Dalles, OR"
2290,"Bastrop, LA"
2291,"Kittitas, WA"
2292,"State College, PA"
2293,"Sandy Springs, GA"
2294,"Ernul, NC"
2295,"Walterboro, SC"
2296,"Port St. Joe, FL"
2297,"Thurmont, MD"
2298,"Horry County, SC"
2299,"Burnet, TX"
2300,"Manchester, NH"
2301,"Cochran County, TX"
2302,"Terrytown, LA"
2303,"Watuaga County, NC"
2304,"Union City, GA"
2305,"Brownstown, IN"
2306,"Boynton Beach, FL"
2307,"Pelion, SC"
2308,"Bloomingdale, IL"
2309,"New Albany, IN"
2310,"Greeneville, TN"
2311,"Blytheville, AR"
2312,"Hamilton County, TN"
2313,"Henry County, IN"
2314,"Mexico Beach, FL"
2315,"Canutillo, TX"
2316,"Ahwatukee, AZ"
2317,"Clinton, LA"
2318,"Dalhart, TX"
2319,"Rushville, NE"
2320,"Pigeon Forge, TN"
2321,"Lee, NY"
2322,"Pentress, WV"
2323,"Coon Rapids, MN"
2324,"Wethersfield, CT"
2325,"Watauga, TX"
2326,"Owingsville, KY"
2327,"Clarksville, IN"
2328,"Hancock County, MS"
2329,"Welch, WV"
2330,"Welcome, NC"
2331,"Perris, CA"
2332,"Meadowlake, NM"
2333,"Bruce, FL"
2334,"Hiltons, VA"
2335,"Glenwood, GA"
2336,"Cedar Hill, TX"
2337,"Hermantown, MN"
2338,"Angel Fire, NM"
2339,"Lumberton, MS"
2340,"Goleta, CA"
2341,"Wytheville, VA"
2342,"Tunbridge, VT"
2343,"Parks, AZ"
2344,"South Sioux City, NE"
2345,"New Boston, TX"
2346,"Davie, FL"
2347,"Tonalea, AZ"
2348,"Garden Grove, CA"
2349,"Huron, CA"
2350,"Blackwell, OK"
2351,"Ashland, WI"
2352,"Montgomery, NY"
2353,"Pearl River County, MS"
2354,"Indian River County, FL"
2355,"Joliet, IL"
2356,"Havre de Grace, MD"
2357,"Gorham, ME"
2358,"Collierville, TN"
2359,"Ardsley, NY"
2360,"Davidsonville, MD"
2361,"Indialantic, FL"
2362,"Trinity, NC"
2363,"Escalon, CA"
2364,"Braxton, MS"
2365,"San Gabriel, CA"
2366,"Shirley, AR"
2367,"Menifee, CA"
2368,"Kingsport, TN"
2369,"Porteau, OK"
2370,"Hopkins County, TX"
2371,"Rockville, MD"
2372,"Belmont, NH"
2373,"Renton, WA"
2374,"Toppenish, WA"
2375,"Centralia, WA"
2376,"Friendly Hills, CO"
2377,"Big Sur, CA"
2378,"Phoenix, MD"
2379,"Menasha, WI"
2380,"Timberville, VA"
2381,"Sugarcreek, OH"
2382,"Orangeburg, SC"
2383,"Wolfe County, KY"
2384,"Yucca Valley, CA"
2385,"Smyrna, TN"
2386,"Pearl, MS"
2387,"Denton County, TX"
2388,"Pontotoc County, MS"
2389,"Bagley Township, MI"
2390,"Elyria, OH"
2391,"Salem, IN"
2392,"Poulsbo, WA"
2393,"West Des Moines, IA"
2394,"Roswell, GA"
2395,"Mountain Grove, MO"
2396,"Oak View, CA"
2397,"Ruskin, FL"
2398,"Rosedale, MD"
2399,"Brooklyn, OH"
2400,"Adelanto, CA"
2401,"Arpin, WI"
2402,"Coleman, FL"
2403,"Penn Hills, PA"
2404,"Chino Hills, CA"
2405,"Memphis, IN"
2406,"Stone County, AR"
2407,"Pemberton, NJ"
2408,"Wesson, MS"
2409,"Ranburne, AL"
2410,"Asbury Park, NJ"
2411,"Ross Township, PA"
2412,"Port Allen, LA"
2413,"Hartford, CT"
2414,"Three Springs, PA"
2415,"Sun City, SC"
2416,"Boyton Beach, FL"
2417,"Stroudsburg, PA"
2418,"Council Bluffs, IA"
2419,"Jackson County, KY"
2420,"Charlottte, NC"
2421,"Revere, MA"
2422,"Safety Harbor, FL"
2423,"Hanceville, AL"
2424,"Aliceville, CA"
2425,"Lowell, AR"
2426,"Irvington, NJ"
2427,"Pocahontas County, WV"
2428,"Rifle, CO"
2429,"Shaler Township, PA"
2430,"Moss Point, MS"
2431,"Bradley County, TN"
2432,"Randolph County, NC"
2433,"Chetopa, KS"
2434,"Belton, SC"
2435,"Spokane Valley, WA"
2436,"Springville, IN"
2437,"Caledonia, WI"
